section,key,label,value,unit,tier,source,note
1. Organization and scope,org_name,Anchor organization,Upwardly Global,text,PUBLIC,"IRS Form 990 via ProPublica Nonprofit Explorer, EIN 94-3346127 - https://projects.propublica.org/nonprofits/organizations/943346127","Selected for eleven years of machine-readable 990 data, a published impact record, and a genuinely unresolved financial planning question."
1. Organization and scope,org_ein,EIN,94-3346127,text,PUBLIC,"IRS Form 990 via ProPublica Nonprofit Explorer, EIN 94-3346127 - https://projects.propublica.org/nonprofits/organizations/943346127",Employer Identification Number as filed.
1. Organization and scope,as_of,Analysis as-of,"FY2024 Form 990, filed 2025-10-17",text,PUBLIC,"IRS Form 990 via ProPublica Nonprofit Explorer, EIN 94-3346127 - https://projects.propublica.org/nonprofits/organizations/943346127","Most recent public filing. FY2025 in the forecast is a current-year estimate, not an actual."
1. Organization and scope,cn_rating,Charity Navigator rating,"4 of 4 stars, 96% overall score, all four beacons complete (FY2024 basis)",text,PUBLIC,"Charity Navigator rating profile, EIN 94-3346127 - https://www.charitynavigator.org/ein/943346127",Used as a sanity bound on the modelled functional expense split.
1. Organization and scope,base_year,Model base year,2024,fiscal year,PUBLIC,"IRS Form 990 via ProPublica Nonprofit Explorer, EIN 94-3346127 - https://projects.propublica.org/nonprofits/organizations/943346127",Last year with filed actuals. All forecasts step forward from here.
2. Historical financials (Form 990),rev_2019,FY2019 total revenue,6750061,USD,PUBLIC,"IRS Form 990 via ProPublica Nonprofit Explorer, EIN 94-3346127 - https://projects.propublica.org/nonprofits/organizations/943346127","Form 990 Part I, total revenue."
2. Historical financials (Form 990),exp_2019,FY2019 total functional expenses,5531091,USD,PUBLIC,"IRS Form 990 via ProPublica Nonprofit Explorer, EIN 94-3346127 - https://projects.propublica.org/nonprofits/organizations/943346127","Form 990 Part I, total functional expenses."
2. Historical financials (Form 990),assets_2019,FY2019 total assets,4915534,USD,PUBLIC,"IRS Form 990 via ProPublica Nonprofit Explorer, EIN 94-3346127 - https://projects.propublica.org/nonprofits/organizations/943346127","Form 990 Part I, end of year."
2. Historical financials (Form 990),liab_2019,FY2019 total liabilities,461151,USD,PUBLIC,"IRS Form 990 via ProPublica Nonprofit Explorer, EIN 94-3346127 - https://projects.propublica.org/nonprofits/organizations/943346127","Form 990 Part I, end of year."
2. Historical financials (Form 990),contrib_2019,FY2019 contributions and grants,6528091,USD,PUBLIC,"IRS Form 990 via ProPublica Nonprofit Explorer, EIN 94-3346127 - https://projects.propublica.org/nonprofits/organizations/943346127",Form 990 Part VIII line 1h.
2. Historical financials (Form 990),progrev_2019,FY2019 program service revenue,353671,USD,PUBLIC,"IRS Form 990 via ProPublica Nonprofit Explorer, EIN 94-3346127 - https://projects.propublica.org/nonprofits/organizations/943346127",Form 990 Part VIII line 2g.
2. Historical financials (Form 990),invinc_2019,FY2019 investment and other income,3602,USD,PUBLIC,"IRS Form 990 via ProPublica Nonprofit Explorer, EIN 94-3346127 - https://projects.propublica.org/nonprofits/organizations/943346127",Form 990 Part VIII line 3.
2. Historical financials (Form 990),salaries_2019,FY2019 salaries and officer compensation,3593405,USD,DERIVED,"IRS Form 990 via ProPublica Nonprofit Explorer, EIN 94-3346127 - https://projects.propublica.org/nonprofits/organizations/943346127","Officer compensation plus other salaries and wages, both public."
2. Historical financials (Form 990),payrolltax_2019,FY2019 payroll taxes,283482,USD,PUBLIC,"IRS Form 990 via ProPublica Nonprofit Explorer, EIN 94-3346127 - https://projects.propublica.org/nonprofits/organizations/943346127",Form 990 Part IX line 10.
2. Historical financials (Form 990),rev_2020,FY2020 total revenue,7016304,USD,PUBLIC,"IRS Form 990 via ProPublica Nonprofit Explorer, EIN 94-3346127 - https://projects.propublica.org/nonprofits/organizations/943346127","Form 990 Part I, total revenue."
2. Historical financials (Form 990),exp_2020,FY2020 total functional expenses,5670504,USD,PUBLIC,"IRS Form 990 via ProPublica Nonprofit Explorer, EIN 94-3346127 - https://projects.propublica.org/nonprofits/organizations/943346127","Form 990 Part I, total functional expenses."
2. Historical financials (Form 990),assets_2020,FY2020 total assets,7157462,USD,PUBLIC,"IRS Form 990 via ProPublica Nonprofit Explorer, EIN 94-3346127 - https://projects.propublica.org/nonprofits/organizations/943346127","Form 990 Part I, end of year."
2. Historical financials (Form 990),liab_2020,FY2020 total liabilities,1357279,USD,PUBLIC,"IRS Form 990 via ProPublica Nonprofit Explorer, EIN 94-3346127 - https://projects.propublica.org/nonprofits/organizations/943346127","Form 990 Part I, end of year."
2. Historical financials (Form 990),contrib_2020,FY2020 contributions and grants,6738370,USD,PUBLIC,"IRS Form 990 via ProPublica Nonprofit Explorer, EIN 94-3346127 - https://projects.propublica.org/nonprofits/organizations/943346127",Form 990 Part VIII line 1h.
2. Historical financials (Form 990),progrev_2020,FY2020 program service revenue,304509,USD,PUBLIC,"IRS Form 990 via ProPublica Nonprofit Explorer, EIN 94-3346127 - https://projects.propublica.org/nonprofits/organizations/943346127",Form 990 Part VIII line 2g.
2. Historical financials (Form 990),invinc_2020,FY2020 investment and other income,21624,USD,PUBLIC,"IRS Form 990 via ProPublica Nonprofit Explorer, EIN 94-3346127 - https://projects.propublica.org/nonprofits/organizations/943346127",Form 990 Part VIII line 3.
2. Historical financials (Form 990),salaries_2020,FY2020 salaries and officer compensation,3755317,USD,DERIVED,"IRS Form 990 via ProPublica Nonprofit Explorer, EIN 94-3346127 - https://projects.propublica.org/nonprofits/organizations/943346127","Officer compensation plus other salaries and wages, both public."
2. Historical financials (Form 990),payrolltax_2020,FY2020 payroll taxes,290730,USD,PUBLIC,"IRS Form 990 via ProPublica Nonprofit Explorer, EIN 94-3346127 - https://projects.propublica.org/nonprofits/organizations/943346127",Form 990 Part IX line 10.
2. Historical financials (Form 990),rev_2021,FY2021 total revenue,11973523,USD,PUBLIC,"IRS Form 990 via ProPublica Nonprofit Explorer, EIN 94-3346127 - https://projects.propublica.org/nonprofits/organizations/943346127","Form 990 Part I, total revenue."
2. Historical financials (Form 990),exp_2021,FY2021 total functional expenses,6893690,USD,PUBLIC,"IRS Form 990 via ProPublica Nonprofit Explorer, EIN 94-3346127 - https://projects.propublica.org/nonprofits/organizations/943346127","Form 990 Part I, total functional expenses."
2. Historical financials (Form 990),assets_2021,FY2021 total assets,12593796,USD,PUBLIC,"IRS Form 990 via ProPublica Nonprofit Explorer, EIN 94-3346127 - https://projects.propublica.org/nonprofits/organizations/943346127","Form 990 Part I, end of year."
2. Historical financials (Form 990),liab_2021,FY2021 total liabilities,1713780,USD,PUBLIC,"IRS Form 990 via ProPublica Nonprofit Explorer, EIN 94-3346127 - https://projects.propublica.org/nonprofits/organizations/943346127","Form 990 Part I, end of year."
2. Historical financials (Form 990),contrib_2021,FY2021 contributions and grants,11624463,USD,PUBLIC,"IRS Form 990 via ProPublica Nonprofit Explorer, EIN 94-3346127 - https://projects.propublica.org/nonprofits/organizations/943346127",Form 990 Part VIII line 1h.
2. Historical financials (Form 990),progrev_2021,FY2021 program service revenue,383141,USD,PUBLIC,"IRS Form 990 via ProPublica Nonprofit Explorer, EIN 94-3346127 - https://projects.propublica.org/nonprofits/organizations/943346127",Form 990 Part VIII line 2g.
2. Historical financials (Form 990),invinc_2021,FY2021 investment and other income,237,USD,PUBLIC,"IRS Form 990 via ProPublica Nonprofit Explorer, EIN 94-3346127 - https://projects.propublica.org/nonprofits/organizations/943346127",Form 990 Part VIII line 3.
2. Historical financials (Form 990),salaries_2021,FY2021 salaries and officer compensation,4293069,USD,DERIVED,"IRS Form 990 via ProPublica Nonprofit Explorer, EIN 94-3346127 - https://projects.propublica.org/nonprofits/organizations/943346127","Officer compensation plus other salaries and wages, both public."
2. Historical financials (Form 990),payrolltax_2021,FY2021 payroll taxes,339149,USD,PUBLIC,"IRS Form 990 via ProPublica Nonprofit Explorer, EIN 94-3346127 - https://projects.propublica.org/nonprofits/organizations/943346127",Form 990 Part IX line 10.
2. Historical financials (Form 990),rev_2022,FY2022 total revenue,19305952,USD,PUBLIC,"IRS Form 990 via ProPublica Nonprofit Explorer, EIN 94-3346127 - https://projects.propublica.org/nonprofits/organizations/943346127","Form 990 Part I, total revenue."
2. Historical financials (Form 990),exp_2022,FY2022 total functional expenses,9316393,USD,PUBLIC,"IRS Form 990 via ProPublica Nonprofit Explorer, EIN 94-3346127 - https://projects.propublica.org/nonprofits/organizations/943346127","Form 990 Part I, total functional expenses."
2. Historical financials (Form 990),assets_2022,FY2022 total assets,23406064,USD,PUBLIC,"IRS Form 990 via ProPublica Nonprofit Explorer, EIN 94-3346127 - https://projects.propublica.org/nonprofits/organizations/943346127","Form 990 Part I, end of year."
2. Historical financials (Form 990),liab_2022,FY2022 total liabilities,2536489,USD,PUBLIC,"IRS Form 990 via ProPublica Nonprofit Explorer, EIN 94-3346127 - https://projects.propublica.org/nonprofits/organizations/943346127","Form 990 Part I, end of year."
2. Historical financials (Form 990),contrib_2022,FY2022 contributions and grants,18348946,USD,PUBLIC,"IRS Form 990 via ProPublica Nonprofit Explorer, EIN 94-3346127 - https://projects.propublica.org/nonprofits/organizations/943346127",Form 990 Part VIII line 1h.
2. Historical financials (Form 990),progrev_2022,FY2022 program service revenue,1064285,USD,PUBLIC,"IRS Form 990 via ProPublica Nonprofit Explorer, EIN 94-3346127 - https://projects.propublica.org/nonprofits/organizations/943346127",Form 990 Part VIII line 2g.
2. Historical financials (Form 990),invinc_2022,FY2022 investment and other income,14416,USD,PUBLIC,"IRS Form 990 via ProPublica Nonprofit Explorer, EIN 94-3346127 - https://projects.propublica.org/nonprofits/organizations/943346127",Form 990 Part VIII line 3.
2. Historical financials (Form 990),salaries_2022,FY2022 salaries and officer compensation,5963333,USD,DERIVED,"IRS Form 990 via ProPublica Nonprofit Explorer, EIN 94-3346127 - https://projects.propublica.org/nonprofits/organizations/943346127","Officer compensation plus other salaries and wages, both public."
2. Historical financials (Form 990),payrolltax_2022,FY2022 payroll taxes,454590,USD,PUBLIC,"IRS Form 990 via ProPublica Nonprofit Explorer, EIN 94-3346127 - https://projects.propublica.org/nonprofits/organizations/943346127",Form 990 Part IX line 10.
2. Historical financials (Form 990),rev_2023,FY2023 total revenue,22391041,USD,PUBLIC,"IRS Form 990 via ProPublica Nonprofit Explorer, EIN 94-3346127 - https://projects.propublica.org/nonprofits/organizations/943346127","Form 990 Part I, total revenue."
2. Historical financials (Form 990),exp_2023,FY2023 total functional expenses,13659379,USD,PUBLIC,"IRS Form 990 via ProPublica Nonprofit Explorer, EIN 94-3346127 - https://projects.propublica.org/nonprofits/organizations/943346127","Form 990 Part I, total functional expenses."
2. Historical financials (Form 990),assets_2023,FY2023 total assets,31782416,USD,PUBLIC,"IRS Form 990 via ProPublica Nonprofit Explorer, EIN 94-3346127 - https://projects.propublica.org/nonprofits/organizations/943346127","Form 990 Part I, end of year."
2. Historical financials (Form 990),liab_2023,FY2023 total liabilities,2181179,USD,PUBLIC,"IRS Form 990 via ProPublica Nonprofit Explorer, EIN 94-3346127 - https://projects.propublica.org/nonprofits/organizations/943346127","Form 990 Part I, end of year."
2. Historical financials (Form 990),contrib_2023,FY2023 contributions and grants,20709887,USD,PUBLIC,"IRS Form 990 via ProPublica Nonprofit Explorer, EIN 94-3346127 - https://projects.propublica.org/nonprofits/organizations/943346127",Form 990 Part VIII line 1h.
2. Historical financials (Form 990),progrev_2023,FY2023 program service revenue,1066130,USD,PUBLIC,"IRS Form 990 via ProPublica Nonprofit Explorer, EIN 94-3346127 - https://projects.propublica.org/nonprofits/organizations/943346127",Form 990 Part VIII line 2g.
2. Historical financials (Form 990),invinc_2023,FY2023 investment and other income,672813,USD,PUBLIC,"IRS Form 990 via ProPublica Nonprofit Explorer, EIN 94-3346127 - https://projects.propublica.org/nonprofits/organizations/943346127",Form 990 Part VIII line 3.
2. Historical financials (Form 990),salaries_2023,FY2023 salaries and officer compensation,7756234,USD,DERIVED,"IRS Form 990 via ProPublica Nonprofit Explorer, EIN 94-3346127 - https://projects.propublica.org/nonprofits/organizations/943346127","Officer compensation plus other salaries and wages, both public."
2. Historical financials (Form 990),payrolltax_2023,FY2023 payroll taxes,606465,USD,PUBLIC,"IRS Form 990 via ProPublica Nonprofit Explorer, EIN 94-3346127 - https://projects.propublica.org/nonprofits/organizations/943346127",Form 990 Part IX line 10.
2. Historical financials (Form 990),rev_2024,FY2024 total revenue,28580411,USD,PUBLIC,"IRS Form 990 via ProPublica Nonprofit Explorer, EIN 94-3346127 - https://projects.propublica.org/nonprofits/organizations/943346127","Form 990 Part I, total revenue."
2. Historical financials (Form 990),exp_2024,FY2024 total functional expenses,18275646,USD,PUBLIC,"IRS Form 990 via ProPublica Nonprofit Explorer, EIN 94-3346127 - https://projects.propublica.org/nonprofits/organizations/943346127","Form 990 Part I, total functional expenses."
2. Historical financials (Form 990),assets_2024,FY2024 total assets,42583791,USD,PUBLIC,"IRS Form 990 via ProPublica Nonprofit Explorer, EIN 94-3346127 - https://projects.propublica.org/nonprofits/organizations/943346127","Form 990 Part I, end of year."
2. Historical financials (Form 990),liab_2024,FY2024 total liabilities,2676737,USD,DERIVED,"IRS Form 990 via ProPublica Nonprofit Explorer, EIN 94-3346127 - https://projects.propublica.org/nonprofits/organizations/943346127","Derived as total assets less net assets, both public."
2. Historical financials (Form 990),contrib_2024,FY2024 contributions and grants,26008174,USD,DERIVED,"IRS Form 990 via ProPublica Nonprofit Explorer, EIN 94-3346127 - https://projects.propublica.org/nonprofits/organizations/943346127","ProPublica reports the FY2024 revenue mix as approximately 91% contributions and 4% program services. Contributions = 0.91 x total revenue; program service revenue = 0.04 x total revenue; the 5% residual is carried as investment and other income. Total liabilities are derived as total assets less net assets, both of which are public."
2. Historical financials (Form 990),progrev_2024,FY2024 program service revenue,1143216,USD,DERIVED,"IRS Form 990 via ProPublica Nonprofit Explorer, EIN 94-3346127 - https://projects.propublica.org/nonprofits/organizations/943346127","ProPublica reports the FY2024 revenue mix as approximately 91% contributions and 4% program services. Contributions = 0.91 x total revenue; program service revenue = 0.04 x total revenue; the 5% residual is carried as investment and other income. Total liabilities are derived as total assets less net assets, both of which are public."
2. Historical financials (Form 990),invinc_2024,FY2024 investment and other income,1429021,USD,DERIVED,"IRS Form 990 via ProPublica Nonprofit Explorer, EIN 94-3346127 - https://projects.propublica.org/nonprofits/organizations/943346127","ProPublica reports the FY2024 revenue mix as approximately 91% contributions and 4% program services. Contributions = 0.91 x total revenue; program service revenue = 0.04 x total revenue; the 5% residual is carried as investment and other income. Total liabilities are derived as total assets less net assets, both of which are public."
2. Historical financials (Form 990),salaries_2024,FY2024 salaries and officer compensation,10260344,USD,DERIVED,"IRS Form 990 via ProPublica Nonprofit Explorer, EIN 94-3346127 - https://projects.propublica.org/nonprofits/organizations/943346127","Officer compensation plus other salaries and wages, both public."
2. Historical financials (Form 990),payrolltax_2024,FY2024 payroll taxes,800307,USD,DERIVED,"IRS Form 990 via ProPublica Nonprofit Explorer, EIN 94-3346127 - https://projects.propublica.org/nonprofits/organizations/943346127","FY2023 payroll tax of $606,465 on salaries of $7,756,234 implies an effective rate of 7.82%. Applied to FY2024 salaries of $10,260,344 gives $800,307."
2. Historical financials (Form 990),net_assets_2024,FY2024 net assets,39907054,USD,PUBLIC,"IRS Form 990 via ProPublica Nonprofit Explorer, EIN 94-3346127 - https://projects.propublica.org/nonprofits/organizations/943346127",Public. Used as the control total against which derived liabilities are backed out.
3. Published impact metrics,impact_participants_2022,2022 participants served,7041,people,PUBLIC,"Upwardly Global, 2022 Annual Report 'By the Numbers' - https://annual-report.upwardlyglobal.org/2022/by-the-numbers/","7,041 program participants across career-coaching and online programs; 1,116 placed in thriving-wage jobs; $66,481 average annual starting salary."
3. Published impact metrics,impact_placements_2022,2022 job placements,1116,people,PUBLIC,"Upwardly Global, 2022 Annual Report 'By the Numbers' - https://annual-report.upwardlyglobal.org/2022/by-the-numbers/","7,041 program participants across career-coaching and online programs; 1,116 placed in thriving-wage jobs; $66,481 average annual starting salary."
3. Published impact metrics,impact_salary_2022,2022 average starting salary,66481,USD,PUBLIC,"Upwardly Global, 2022 Annual Report 'By the Numbers' - https://annual-report.upwardlyglobal.org/2022/by-the-numbers/","7,041 program participants across career-coaching and online programs; 1,116 placed in thriving-wage jobs; $66,481 average annual starting salary."
3. Published impact metrics,impact_participants_2025,2025 participants served,13350,people,PUBLIC,"Upwardly Global, Impact page (2025 annual metrics) - https://www.upwardlyglobal.org/impact/","13,350 jobseekers supported; 1,730+ placed; $67,580 average starting salary; $58,790 average salary gain; 100+ employer partners; 87 workforce partnerships."
3. Published impact metrics,impact_placements_2025,2025 job placements,1730,people,PUBLIC,"Upwardly Global, Impact page (2025 annual metrics) - https://www.upwardlyglobal.org/impact/","13,350 jobseekers supported; 1,730+ placed; $67,580 average starting salary; $58,790 average salary gain; 100+ employer partners; 87 workforce partnerships."
3. Published impact metrics,impact_salary_2025,2025 average starting salary,67580,USD,PUBLIC,"Upwardly Global, Impact page (2025 annual metrics) - https://www.upwardlyglobal.org/impact/","13,350 jobseekers supported; 1,730+ placed; $67,580 average starting salary; $58,790 average salary gain; 100+ employer partners; 87 workforce partnerships."
3. Published impact metrics,impact_salary_gain_2025,2025 average salary gain,58790,USD,PUBLIC,"Upwardly Global, Impact page (2025 annual metrics) - https://www.upwardlyglobal.org/impact/",Used as an external calibration check on the synthetic program mix.
3. Published impact metrics,participant_interpolation,Interpolation method for unpublished years,"Participant and placement counts are published for 2022 and 2025 only. Intervening years are interpolated on a constant compound growth basis between the two published points: participants grow at (13,350/7,041)^(1/3)-1 = 23.75% a year and placements at (1,730/1,116)^(1/3)-1 = 15.75% a year. FY2024 is the base year of the model, so it matters that this is an interpolation between two real observations rather than a free assumption.",text,DERIVED,"Upwardly Global, 2022 Annual Report 'By the Numbers' - https://annual-report.upwardlyglobal.org/2022/by-the-numbers/; Upwardly Global, Impact page (2025 annual metrics) - https://www.upwardlyglobal.org/impact/","Two real observations, constant growth between them. No free parameters."
4. Sector benchmarks,bench_program_ratio_min,Minimum program expense ratio,0.65,% of total expenses,BENCHMARK,"BBB Wise Giving Alliance, Standards for Charity Accountability, Standards 8, 9 and 10 - https://give.org/bbb-standards-for-charity-accountability",BBB Standard 8: spend at least 65% of total expenses on program activities.
4. Sector benchmarks,bench_fundraising_ratio_max,Maximum fundraising cost ratio,0.35,% of related contributions,BENCHMARK,"BBB Wise Giving Alliance, Standards for Charity Accountability, Standards 8, 9 and 10 - https://give.org/bbb-standards-for-charity-accountability",BBB Standard 9: spend no more than 35% of related contributions on fundraising.
4. Sector benchmarks,bench_net_asset_multiple_max,Maximum unrestricted net assets,3.0,x annual expenses,BENCHMARK,"BBB Wise Giving Alliance, Standards for Charity Accountability, Standards 8, 9 and 10 - https://give.org/bbb-standards-for-charity-accountability","BBB Standard 10: unrestricted net assets available for use should not exceed three times the prior year's expenses or the current year's budget, whichever is higher. This is the binding constraint at the top of the range for this organization."
4. Sector benchmarks,bench_reserve_months_min,"Operating reserve, low end of target",3.0,months of expenses,BENCHMARK,"Propel Nonprofits, Operating Reserves with Nonprofit Policy Examples - https://propelnonprofits.org/resources/operating-reserves-with-nonprofit-policy-examples/",Propel Nonprofits: a commonly used reserve goal is three to six months of expenses.
4. Sector benchmarks,bench_reserve_months_max,"Operating reserve, high end of target",6.0,months of expenses,BENCHMARK,"Propel Nonprofits, Operating Reserves with Nonprofit Policy Examples - https://propelnonprofits.org/resources/operating-reserves-with-nonprofit-policy-examples/",Propel Nonprofits: a commonly used reserve goal is three to six months of expenses.
4. Sector benchmarks,bench_reserve_months_ceiling,Reserve ceiling,24.0,months of expenses,BENCHMARK,"Propel Nonprofits, Operating Reserves with Nonprofit Policy Examples - https://propelnonprofits.org/resources/operating-reserves-with-nonprofit-policy-examples/","Propel Nonprofits: at the high end, reserves should not exceed two years of budget."
5. Functional expense allocation (modelled),fsplit_prog_2019,FY2019 program services share,0.762,% of expenses,SYNTHETIC,Analyst assumption - see 09_Management_Report.pdf for rationale,"Applied to the filed total expense figure for each year, so program + management and general + fundraising reconciles exactly to the Form 990 total. The gentle upward drift in the program share reflects fixed-cost absorption as the organization roughly tripled in size between FY2019 and FY2024: administrative capacity grew more slowly than programs. Treat the level as an assumption and the direction as the analytically meaningful part."
5. Functional expense allocation (modelled),fsplit_mg_2019,FY2019 management and general share,0.14,% of expenses,SYNTHETIC,Analyst assumption - see 09_Management_Report.pdf for rationale,"Applied to the filed total expense figure for each year, so program + management and general + fundraising reconciles exactly to the Form 990 total. The gentle upward drift in the program share reflects fixed-cost absorption as the organization roughly tripled in size between FY2019 and FY2024: administrative capacity grew more slowly than programs. Treat the level as an assumption and the direction as the analytically meaningful part."
5. Functional expense allocation (modelled),fsplit_fr_2019,FY2019 fundraising share,0.098,% of expenses,SYNTHETIC,Analyst assumption - see 09_Management_Report.pdf for rationale,"Applied to the filed total expense figure for each year, so program + management and general + fundraising reconciles exactly to the Form 990 total. The gentle upward drift in the program share reflects fixed-cost absorption as the organization roughly tripled in size between FY2019 and FY2024: administrative capacity grew more slowly than programs. Treat the level as an assumption and the direction as the analytically meaningful part."
5. Functional expense allocation (modelled),fsplit_prog_2020,FY2020 program services share,0.768,% of expenses,SYNTHETIC,Analyst assumption - see 09_Management_Report.pdf for rationale,"Applied to the filed total expense figure for each year, so program + management and general + fundraising reconciles exactly to the Form 990 total. The gentle upward drift in the program share reflects fixed-cost absorption as the organization roughly tripled in size between FY2019 and FY2024: administrative capacity grew more slowly than programs. Treat the level as an assumption and the direction as the analytically meaningful part."
5. Functional expense allocation (modelled),fsplit_mg_2020,FY2020 management and general share,0.137,% of expenses,SYNTHETIC,Analyst assumption - see 09_Management_Report.pdf for rationale,"Applied to the filed total expense figure for each year, so program + management and general + fundraising reconciles exactly to the Form 990 total. The gentle upward drift in the program share reflects fixed-cost absorption as the organization roughly tripled in size between FY2019 and FY2024: administrative capacity grew more slowly than programs. Treat the level as an assumption and the direction as the analytically meaningful part."
5. Functional expense allocation (modelled),fsplit_fr_2020,FY2020 fundraising share,0.095,% of expenses,SYNTHETIC,Analyst assumption - see 09_Management_Report.pdf for rationale,"Applied to the filed total expense figure for each year, so program + management and general + fundraising reconciles exactly to the Form 990 total. The gentle upward drift in the program share reflects fixed-cost absorption as the organization roughly tripled in size between FY2019 and FY2024: administrative capacity grew more slowly than programs. Treat the level as an assumption and the direction as the analytically meaningful part."
5. Functional expense allocation (modelled),fsplit_prog_2021,FY2021 program services share,0.774,% of expenses,SYNTHETIC,Analyst assumption - see 09_Management_Report.pdf for rationale,"Applied to the filed total expense figure for each year, so program + management and general + fundraising reconciles exactly to the Form 990 total. The gentle upward drift in the program share reflects fixed-cost absorption as the organization roughly tripled in size between FY2019 and FY2024: administrative capacity grew more slowly than programs. Treat the level as an assumption and the direction as the analytically meaningful part."
5. Functional expense allocation (modelled),fsplit_mg_2021,FY2021 management and general share,0.134,% of expenses,SYNTHETIC,Analyst assumption - see 09_Management_Report.pdf for rationale,"Applied to the filed total expense figure for each year, so program + management and general + fundraising reconciles exactly to the Form 990 total. The gentle upward drift in the program share reflects fixed-cost absorption as the organization roughly tripled in size between FY2019 and FY2024: administrative capacity grew more slowly than programs. Treat the level as an assumption and the direction as the analytically meaningful part."
5. Functional expense allocation (modelled),fsplit_fr_2021,FY2021 fundraising share,0.092,% of expenses,SYNTHETIC,Analyst assumption - see 09_Management_Report.pdf for rationale,"Applied to the filed total expense figure for each year, so program + management and general + fundraising reconciles exactly to the Form 990 total. The gentle upward drift in the program share reflects fixed-cost absorption as the organization roughly tripled in size between FY2019 and FY2024: administrative capacity grew more slowly than programs. Treat the level as an assumption and the direction as the analytically meaningful part."
5. Functional expense allocation (modelled),fsplit_prog_2022,FY2022 program services share,0.78,% of expenses,SYNTHETIC,Analyst assumption - see 09_Management_Report.pdf for rationale,"Applied to the filed total expense figure for each year, so program + management and general + fundraising reconciles exactly to the Form 990 total. The gentle upward drift in the program share reflects fixed-cost absorption as the organization roughly tripled in size between FY2019 and FY2024: administrative capacity grew more slowly than programs. Treat the level as an assumption and the direction as the analytically meaningful part."
5. Functional expense allocation (modelled),fsplit_mg_2022,FY2022 management and general share,0.129,% of expenses,SYNTHETIC,Analyst assumption - see 09_Management_Report.pdf for rationale,"Applied to the filed total expense figure for each year, so program + management and general + fundraising reconciles exactly to the Form 990 total. The gentle upward drift in the program share reflects fixed-cost absorption as the organization roughly tripled in size between FY2019 and FY2024: administrative capacity grew more slowly than programs. Treat the level as an assumption and the direction as the analytically meaningful part."
5. Functional expense allocation (modelled),fsplit_fr_2022,FY2022 fundraising share,0.091,% of expenses,SYNTHETIC,Analyst assumption - see 09_Management_Report.pdf for rationale,"Applied to the filed total expense figure for each year, so program + management and general + fundraising reconciles exactly to the Form 990 total. The gentle upward drift in the program share reflects fixed-cost absorption as the organization roughly tripled in size between FY2019 and FY2024: administrative capacity grew more slowly than programs. Treat the level as an assumption and the direction as the analytically meaningful part."
5. Functional expense allocation (modelled),fsplit_prog_2023,FY2023 program services share,0.783,% of expenses,SYNTHETIC,Analyst assumption - see 09_Management_Report.pdf for rationale,"Applied to the filed total expense figure for each year, so program + management and general + fundraising reconciles exactly to the Form 990 total. The gentle upward drift in the program share reflects fixed-cost absorption as the organization roughly tripled in size between FY2019 and FY2024: administrative capacity grew more slowly than programs. Treat the level as an assumption and the direction as the analytically meaningful part."
5. Functional expense allocation (modelled),fsplit_mg_2023,FY2023 management and general share,0.124,% of expenses,SYNTHETIC,Analyst assumption - see 09_Management_Report.pdf for rationale,"Applied to the filed total expense figure for each year, so program + management and general + fundraising reconciles exactly to the Form 990 total. The gentle upward drift in the program share reflects fixed-cost absorption as the organization roughly tripled in size between FY2019 and FY2024: administrative capacity grew more slowly than programs. Treat the level as an assumption and the direction as the analytically meaningful part."
5. Functional expense allocation (modelled),fsplit_fr_2023,FY2023 fundraising share,0.093,% of expenses,SYNTHETIC,Analyst assumption - see 09_Management_Report.pdf for rationale,"Applied to the filed total expense figure for each year, so program + management and general + fundraising reconciles exactly to the Form 990 total. The gentle upward drift in the program share reflects fixed-cost absorption as the organization roughly tripled in size between FY2019 and FY2024: administrative capacity grew more slowly than programs. Treat the level as an assumption and the direction as the analytically meaningful part."
5. Functional expense allocation (modelled),fsplit_prog_2024,FY2024 program services share,0.785,% of expenses,SYNTHETIC,Analyst assumption - see 09_Management_Report.pdf for rationale,"Applied to the filed total expense figure for each year, so program + management and general + fundraising reconciles exactly to the Form 990 total. The gentle upward drift in the program share reflects fixed-cost absorption as the organization roughly tripled in size between FY2019 and FY2024: administrative capacity grew more slowly than programs. Treat the level as an assumption and the direction as the analytically meaningful part."
5. Functional expense allocation (modelled),fsplit_mg_2024,FY2024 management and general share,0.12,% of expenses,SYNTHETIC,Analyst assumption - see 09_Management_Report.pdf for rationale,"Applied to the filed total expense figure for each year, so program + management and general + fundraising reconciles exactly to the Form 990 total. The gentle upward drift in the program share reflects fixed-cost absorption as the organization roughly tripled in size between FY2019 and FY2024: administrative capacity grew more slowly than programs. Treat the level as an assumption and the direction as the analytically meaningful part."
5. Functional expense allocation (modelled),fsplit_fr_2024,FY2024 fundraising share,0.095,% of expenses,SYNTHETIC,Analyst assumption - see 09_Management_Report.pdf for rationale,"Applied to the filed total expense figure for each year, so program + management and general + fundraising reconciles exactly to the Form 990 total. The gentle upward drift in the program share reflects fixed-cost absorption as the organization roughly tripled in size between FY2019 and FY2024: administrative capacity grew more slowly than programs. Treat the level as an assumption and the direction as the analytically meaningful part."
6. Revenue composition (modelled),revmix_Individual donations,"Individual donations, share of contributions",0.12,% of contributions,SYNTHETIC,Analyst assumption - see 09_Management_Report.pdf for rationale,"Applied to the filed contributions total each year. The heavy weighting toward foundation and government funding is the analytically important feature: these are the two categories that surged during the 2021-2024 humanitarian response and the two most likely to normalize. Individual giving, the most durable category, is the smallest."
6. Revenue composition (modelled),revmix_Corporate donations,"Corporate donations, share of contributions",0.21,% of contributions,SYNTHETIC,Analyst assumption - see 09_Management_Report.pdf for rationale,"Applied to the filed contributions total each year. The heavy weighting toward foundation and government funding is the analytically important feature: these are the two categories that surged during the 2021-2024 humanitarian response and the two most likely to normalize. Individual giving, the most durable category, is the smallest."
6. Revenue composition (modelled),revmix_Foundation grants,"Foundation grants, share of contributions",0.44,% of contributions,SYNTHETIC,Analyst assumption - see 09_Management_Report.pdf for rationale,"Applied to the filed contributions total each year. The heavy weighting toward foundation and government funding is the analytically important feature: these are the two categories that surged during the 2021-2024 humanitarian response and the two most likely to normalize. Individual giving, the most durable category, is the smallest."
6. Revenue composition (modelled),revmix_Government funding,"Government funding, share of contributions",0.19,% of contributions,SYNTHETIC,Analyst assumption - see 09_Management_Report.pdf for rationale,"Applied to the filed contributions total each year. The heavy weighting toward foundation and government funding is the analytically important feature: these are the two categories that surged during the 2021-2024 humanitarian response and the two most likely to normalize. Individual giving, the most durable category, is the smallest."
6. Revenue composition (modelled),revmix_Fundraising events,"Fundraising events, share of contributions",0.04,% of contributions,SYNTHETIC,Analyst assumption - see 09_Management_Report.pdf for rationale,"Applied to the filed contributions total each year. The heavy weighting toward foundation and government funding is the analytically important feature: these are the two categories that surged during the 2021-2024 humanitarian response and the two most likely to normalize. Individual giving, the most durable category, is the smallest."
6. Revenue composition (modelled),donors_Individual donations,"Individual donations, FY2024 donor count",8420,donors,SYNTHETIC,Analyst assumption - see 09_Management_Report.pdf for rationale,"Donor counts are assumed; average gift is then solved so that donors x average gift equals the modelled category revenue for FY2024, which itself ties to the real contributions total. This makes the forecast driver-based - a change in donor count or average gift flows through the model - while keeping the base year anchored to the filing."
6. Revenue composition (modelled),avggift_Individual donations,"Individual donations, FY2024 average gift",370.7,USD,DERIVED,Analyst assumption - see 09_Management_Report.pdf for rationale,Solved so that donors x average gift equals modelled category revenue.
6. Revenue composition (modelled),retention_Individual donations,"Individual donations, donor retention",0.62,%,SYNTHETIC,Analyst assumption - see 09_Management_Report.pdf for rationale,Drives donor-count roll-forward in the forecast.
6. Revenue composition (modelled),donors_Corporate donations,"Corporate donations, FY2024 donor count",214,donors,SYNTHETIC,Analyst assumption - see 09_Management_Report.pdf for rationale,"Donor counts are assumed; average gift is then solved so that donors x average gift equals the modelled category revenue for FY2024, which itself ties to the real contributions total. This makes the forecast driver-based - a change in donor count or average gift flows through the model - while keeping the base year anchored to the filing."
6. Revenue composition (modelled),avggift_Corporate donations,"Corporate donations, FY2024 average gift",25522.0,USD,DERIVED,Analyst assumption - see 09_Management_Report.pdf for rationale,Solved so that donors x average gift equals modelled category revenue.
6. Revenue composition (modelled),retention_Corporate donations,"Corporate donations, donor retention",0.78,%,SYNTHETIC,Analyst assumption - see 09_Management_Report.pdf for rationale,Drives donor-count roll-forward in the forecast.
6. Revenue composition (modelled),donors_Foundation grants,"Foundation grants, FY2024 donor count",63,donors,SYNTHETIC,Analyst assumption - see 09_Management_Report.pdf for rationale,"Donor counts are assumed; average gift is then solved so that donors x average gift equals the modelled category revenue for FY2024, which itself ties to the real contributions total. This makes the forecast driver-based - a change in donor count or average gift flows through the model - while keeping the base year anchored to the filing."
6. Revenue composition (modelled),avggift_Foundation grants,"Foundation grants, FY2024 average gift",181644.4,USD,DERIVED,Analyst assumption - see 09_Management_Report.pdf for rationale,Solved so that donors x average gift equals modelled category revenue.
6. Revenue composition (modelled),retention_Foundation grants,"Foundation grants, donor retention",0.71,%,SYNTHETIC,Analyst assumption - see 09_Management_Report.pdf for rationale,Drives donor-count roll-forward in the forecast.
6. Revenue composition (modelled),donors_Government funding,"Government funding, FY2024 donor count",11,donors,SYNTHETIC,Analyst assumption - see 09_Management_Report.pdf for rationale,"Donor counts are assumed; average gift is then solved so that donors x average gift equals the modelled category revenue for FY2024, which itself ties to the real contributions total. This makes the forecast driver-based - a change in donor count or average gift flows through the model - while keeping the base year anchored to the filing."
6. Revenue composition (modelled),avggift_Government funding,"Government funding, FY2024 average gift",449232.1,USD,DERIVED,Analyst assumption - see 09_Management_Report.pdf for rationale,Solved so that donors x average gift equals modelled category revenue.
6. Revenue composition (modelled),retention_Government funding,"Government funding, donor retention",0.83,%,SYNTHETIC,Analyst assumption - see 09_Management_Report.pdf for rationale,Drives donor-count roll-forward in the forecast.
6. Revenue composition (modelled),donors_Fundraising events,"Fundraising events, FY2024 donor count",1640,donors,SYNTHETIC,Analyst assumption - see 09_Management_Report.pdf for rationale,"Donor counts are assumed; average gift is then solved so that donors x average gift equals the modelled category revenue for FY2024, which itself ties to the real contributions total. This makes the forecast driver-based - a change in donor count or average gift flows through the model - while keeping the base year anchored to the filing."
6. Revenue composition (modelled),avggift_Fundraising events,"Fundraising events, FY2024 average gift",634.3,USD,DERIVED,Analyst assumption - see 09_Management_Report.pdf for rationale,Solved so that donors x average gift equals modelled category revenue.
6. Revenue composition (modelled),retention_Fundraising events,"Fundraising events, donor retention",0.48,%,SYNTHETIC,Analyst assumption - see 09_Management_Report.pdf for rationale,Drives donor-count roll-forward in the forecast.
6. Revenue composition (modelled),largest_funder_share,"Largest single funder, share of revenue",0.18,% of revenue,SYNTHETIC,Analyst assumption - see 09_Management_Report.pdf for rationale,"Assumed. A single foundation or government source at 18% of total revenue, and the top five sources at 47%, is typical for an organization whose growth was driven by a small number of large humanitarian-response awards. This is the assumption the funding sensitivity analysis stresses, so it is stated prominently rather than buried."
6. Revenue composition (modelled),top5_funder_share,"Top five funders, share of revenue",0.47,% of revenue,SYNTHETIC,Analyst assumption - see 09_Management_Report.pdf for rationale,"Assumed. A single foundation or government source at 18% of total revenue, and the top five sources at 47%, is typical for an organization whose growth was driven by a small number of large humanitarian-response awards. This is the assumption the funding sensitivity analysis stresses, so it is stated prominently rather than buried."
7. Program portfolio (modelled),prog_participants_Career Coaching,Career Coaching: FY2024 participants,2050,people,SYNTHETIC,Analyst assumption - see 09_Management_Report.pdf for rationale,"Sums with the other three programs to the derived FY2024 total of 10,791."
7. Program portfolio (modelled),prog_placements_Career Coaching,Career Coaching: FY2024 successful outcomes,861,people,SYNTHETIC,Analyst assumption - see 09_Management_Report.pdf for rationale,"Sums to the derived FY2024 total of 1,494 placements."
7. Program portfolio (modelled),prog_cost_Career Coaching,Career Coaching: FY2024 program cost,7890000,USD,SYNTHETIC,Analyst assumption - see 09_Management_Report.pdf for rationale,Allocated within the modelled FY2024 program expense pool; the four sum to it exactly.
7. Program portfolio (modelled),prog_completion_Career Coaching,Career Coaching: completion rate,0.71,%,SYNTHETIC,Analyst assumption - see 09_Management_Report.pdf for rationale,Share of enrolled participants who complete the program.
7. Program portfolio (modelled),prog_gain_Career Coaching,Career Coaching: average salary gain per outcome,61000,USD,SYNTHETIC,Analyst assumption - see 09_Management_Report.pdf for rationale,"The blended average salary gain implied by this program mix is compared in 06_Program_Economics against the $58,790 the organization published for 2025. The mix was tuned so the implied figure lands within about 1% of the published number, which is a weak but real external check on the synthetic layer."
7. Program portfolio (modelled),prog_hours_Career Coaching,Career Coaching: staff hours per participant,39.0,hours,SYNTHETIC,Analyst assumption - see 09_Management_Report.pdf for rationale,Drives the staff capacity constraint in the allocation model.
7. Program portfolio (modelled),prog_directshare_Career Coaching,Career Coaching: direct cost share,0.72,% of program cost,SYNTHETIC,Analyst assumption - see 09_Management_Report.pdf for rationale,Remainder is allocated indirect cost.
7. Program portfolio (modelled),prog_maxpart_Career Coaching,Career Coaching: maximum servable participants,3400,people,SYNTHETIC,Analyst assumption - see 09_Management_Report.pdf for rationale,Demand and delivery ceiling; binds the allocation model.
7. Program portfolio (modelled),prog_minfund_Career Coaching,Career Coaching: minimum viable funding,4500000,USD,SYNTHETIC,Analyst assumption - see 09_Management_Report.pdf for rationale,Below this the program cannot retain its delivery team.
7. Program portfolio (modelled),prog_participants_Digital Learning,Digital Learning: FY2024 participants,7395,people,SYNTHETIC,Analyst assumption - see 09_Management_Report.pdf for rationale,"Sums with the other three programs to the derived FY2024 total of 10,791."
7. Program portfolio (modelled),prog_placements_Digital Learning,Digital Learning: FY2024 successful outcomes,333,people,SYNTHETIC,Analyst assumption - see 09_Management_Report.pdf for rationale,"Sums to the derived FY2024 total of 1,494 placements."
7. Program portfolio (modelled),prog_cost_Digital Learning,Digital Learning: FY2024 program cost,2220000,USD,SYNTHETIC,Analyst assumption - see 09_Management_Report.pdf for rationale,Allocated within the modelled FY2024 program expense pool; the four sum to it exactly.
7. Program portfolio (modelled),prog_completion_Digital Learning,Digital Learning: completion rate,0.24,%,SYNTHETIC,Analyst assumption - see 09_Management_Report.pdf for rationale,Share of enrolled participants who complete the program.
7. Program portfolio (modelled),prog_gain_Digital Learning,Digital Learning: average salary gain per outcome,37000,USD,SYNTHETIC,Analyst assumption - see 09_Management_Report.pdf for rationale,"The blended average salary gain implied by this program mix is compared in 06_Program_Economics against the $58,790 the organization published for 2025. The mix was tuned so the implied figure lands within about 1% of the published number, which is a weak but real external check on the synthetic layer."
7. Program portfolio (modelled),prog_hours_Digital Learning,Digital Learning: staff hours per participant,2.5,hours,SYNTHETIC,Analyst assumption - see 09_Management_Report.pdf for rationale,Drives the staff capacity constraint in the allocation model.
7. Program portfolio (modelled),prog_directshare_Digital Learning,Digital Learning: direct cost share,0.58,% of program cost,SYNTHETIC,Analyst assumption - see 09_Management_Report.pdf for rationale,Remainder is allocated indirect cost.
7. Program portfolio (modelled),prog_maxpart_Digital Learning,Digital Learning: maximum servable participants,15000,people,SYNTHETIC,Analyst assumption - see 09_Management_Report.pdf for rationale,Demand and delivery ceiling; binds the allocation model.
7. Program portfolio (modelled),prog_minfund_Digital Learning,Digital Learning: minimum viable funding,1200000,USD,SYNTHETIC,Analyst assumption - see 09_Management_Report.pdf for rationale,Below this the program cannot retain its delivery team.
7. Program portfolio (modelled),prog_participants_Credential Support,Credential Support: FY2024 participants,700,people,SYNTHETIC,Analyst assumption - see 09_Management_Report.pdf for rationale,"Sums with the other three programs to the derived FY2024 total of 10,791."
7. Program portfolio (modelled),prog_placements_Credential Support,Credential Support: FY2024 successful outcomes,217,people,SYNTHETIC,Analyst assumption - see 09_Management_Report.pdf for rationale,"Sums to the derived FY2024 total of 1,494 placements."
7. Program portfolio (modelled),prog_cost_Credential Support,Credential Support: FY2024 program cost,2940000,USD,SYNTHETIC,Analyst assumption - see 09_Management_Report.pdf for rationale,Allocated within the modelled FY2024 program expense pool; the four sum to it exactly.
7. Program portfolio (modelled),prog_completion_Credential Support,Credential Support: completion rate,0.58,%,SYNTHETIC,Analyst assumption - see 09_Management_Report.pdf for rationale,Share of enrolled participants who complete the program.
7. Program portfolio (modelled),prog_gain_Credential Support,Credential Support: average salary gain per outcome,88000,USD,SYNTHETIC,Analyst assumption - see 09_Management_Report.pdf for rationale,"The blended average salary gain implied by this program mix is compared in 06_Program_Economics against the $58,790 the organization published for 2025. The mix was tuned so the implied figure lands within about 1% of the published number, which is a weak but real external check on the synthetic layer."
7. Program portfolio (modelled),prog_hours_Credential Support,Credential Support: staff hours per participant,60.0,hours,SYNTHETIC,Analyst assumption - see 09_Management_Report.pdf for rationale,Drives the staff capacity constraint in the allocation model.
7. Program portfolio (modelled),prog_directshare_Credential Support,Credential Support: direct cost share,0.76,% of program cost,SYNTHETIC,Analyst assumption - see 09_Management_Report.pdf for rationale,Remainder is allocated indirect cost.
7. Program portfolio (modelled),prog_maxpart_Credential Support,Credential Support: maximum servable participants,1150,people,SYNTHETIC,Analyst assumption - see 09_Management_Report.pdf for rationale,Demand and delivery ceiling; binds the allocation model.
7. Program portfolio (modelled),prog_minfund_Credential Support,Credential Support: minimum viable funding,1800000,USD,SYNTHETIC,Analyst assumption - see 09_Management_Report.pdf for rationale,Below this the program cannot retain its delivery team.
7. Program portfolio (modelled),prog_participants_Partner Capacity,Partner Capacity: FY2024 participants,641,people,SYNTHETIC,Analyst assumption - see 09_Management_Report.pdf for rationale,"Sums with the other three programs to the derived FY2024 total of 10,791."
7. Program portfolio (modelled),prog_placements_Partner Capacity,Partner Capacity: FY2024 successful outcomes,83,people,SYNTHETIC,Analyst assumption - see 09_Management_Report.pdf for rationale,"Sums to the derived FY2024 total of 1,494 placements."
7. Program portfolio (modelled),prog_cost_Partner Capacity,Partner Capacity: FY2024 program cost,1296382,USD,SYNTHETIC,Analyst assumption - see 09_Management_Report.pdf for rationale,Allocated within the modelled FY2024 program expense pool; the four sum to it exactly.
7. Program portfolio (modelled),prog_completion_Partner Capacity,Partner Capacity: completion rate,0.46,%,SYNTHETIC,Analyst assumption - see 09_Management_Report.pdf for rationale,Share of enrolled participants who complete the program.
7. Program portfolio (modelled),prog_gain_Partner Capacity,Partner Capacity: average salary gain per outcome,46500,USD,SYNTHETIC,Analyst assumption - see 09_Management_Report.pdf for rationale,"The blended average salary gain implied by this program mix is compared in 06_Program_Economics against the $58,790 the organization published for 2025. The mix was tuned so the implied figure lands within about 1% of the published number, which is a weak but real external check on the synthetic layer."
7. Program portfolio (modelled),prog_hours_Partner Capacity,Partner Capacity: staff hours per participant,15.584555382215262,hours,SYNTHETIC,Analyst assumption - see 09_Management_Report.pdf for rationale,Drives the staff capacity constraint in the allocation model.
7. Program portfolio (modelled),prog_directshare_Partner Capacity,Partner Capacity: direct cost share,0.64,% of program cost,SYNTHETIC,Analyst assumption - see 09_Management_Report.pdf for rationale,Remainder is allocated indirect cost.
7. Program portfolio (modelled),prog_maxpart_Partner Capacity,Partner Capacity: maximum servable participants,1500,people,SYNTHETIC,Analyst assumption - see 09_Management_Report.pdf for rationale,Demand and delivery ceiling; binds the allocation model.
7. Program portfolio (modelled),prog_minfund_Partner Capacity,Partner Capacity: minimum viable funding,700000,USD,SYNTHETIC,Analyst assumption - see 09_Management_Report.pdf for rationale,Below this the program cannot retain its delivery team.
8. Personnel (modelled),fte_2024,FY2024 full-time equivalents,121,FTE,SYNTHETIC,Analyst assumption - see 09_Management_Report.pdf for rationale,"FY2024 salaries of $10,260,344 (officer compensation plus other salaries, both public) divided by an assumed 121 FTE gives an average salary of $84,796, which is plausible for a national workforce-development nonprofit with a professional staff. Fully loaded cost applies a 7.82% payroll tax rate derived from the FY2023 filing and an assumed 10% benefits load."
8. Personnel (modelled),avg_salary_2024,FY2024 average salary,84796.23140495867,USD,DERIVED,"IRS Form 990 via ProPublica Nonprofit Explorer, EIN 94-3346127 - https://projects.propublica.org/nonprofits/organizations/943346127",Public salary total divided by assumed FTE.
8. Personnel (modelled),payroll_tax_rate,Payroll tax rate,0.0782,% of salary,DERIVED,"IRS Form 990 via ProPublica Nonprofit Explorer, EIN 94-3346127 - https://projects.propublica.org/nonprofits/organizations/943346127","FY2023 payroll tax divided by FY2023 salaries, both public."
8. Personnel (modelled),benefits_rate,Benefits load,0.1,% of salary,SYNTHETIC,Analyst assumption - see 09_Management_Report.pdf for rationale,"Health, retirement and other benefits as a share of salary."
8. Personnel (modelled),staff_hours_per_fte,Productive hours per FTE per year,1680,hours,SYNTHETIC,Analyst assumption - see 09_Management_Report.pdf for rationale,"2,080 gross hours less leave, training and non-delivery time."
8. Personnel (modelled),program_fte_share,Share of FTE in program delivery,0.74,%,SYNTHETIC,Analyst assumption - see 09_Management_Report.pdf for rationale,Balance sits in administration and fundraising.
8. Personnel (modelled),program_hours_reconciliation,Staff hours reconciliation,"Staff hours per participant are set so that total program delivery hours reconcile to the assumed staffing model: 121 FTE x 74% program share x 1,680 productive hours = 150,450 program delivery hours in FY2024. The four programs' hours sum to that figure, which keeps the capacity constraint in the allocation model consistent with the personnel cost in the P&L instead of being a free-floating assumption.",text,SYNTHETIC,Analyst assumption - see 09_Management_Report.pdf for rationale,Ties the capacity constraint to the personnel cost line.
8b. Cost behaviour (modelled),avg_gift_inflation,Average gift inflation,0.02,% per year,SYNTHETIC,Analyst assumption - see 09_Management_Report.pdf for rationale,Average gift is assumed to grow 2.0% a year with general giving inflation. The remainder of each category's growth driver is carried by donor count: donor growth = (1 + category growth) / (1 + 2.0%) - 1. This keeps both halves of the revenue driver visible and independently stressable rather than collapsing them into a single percentage.
8b. Cost behaviour (modelled),mg_variable_share,"Management and general, variable share",0.35,% variable,SYNTHETIC,Analyst assumption - see 09_Management_Report.pdf for rationale,"Management and general is modelled as 35% variable with program scale and 65% fixed; fundraising as 50% variable with contribution scale. Both also carry personnel inflation. The consequence is real and worth stating: in the Downside case, support costs do not fall as fast as revenue, so the program expense ratio deteriorates exactly when the organization can least afford the optics of it."
8b. Cost behaviour (modelled),fr_variable_share,"Fundraising, variable share",0.5,% variable,SYNTHETIC,Analyst assumption - see 09_Management_Report.pdf for rationale,"Management and general is modelled as 35% variable with program scale and 65% fixed; fundraising as 50% variable with contribution scale. Both also carry personnel inflation. The consequence is real and worth stating: in the Downside case, support costs do not fall as fast as revenue, so the program expense ratio deteriorates exactly when the organization can least afford the optics of it."
8b. Cost behaviour (modelled),opex_Marketing and outreach,"Marketing and outreach, share of non-personnel spend",0.185,% of non-personnel,SYNTHETIC,Analyst assumption - see 09_Management_Report.pdf for rationale,Used to split the non-personnel expense plug into reportable operating categories.
8b. Cost behaviour (modelled),opex_Technology and platforms,"Technology and platforms, share of non-personnel spend",0.235,% of non-personnel,SYNTHETIC,Analyst assumption - see 09_Management_Report.pdf for rationale,Used to split the non-personnel expense plug into reportable operating categories.
8b. Cost behaviour (modelled),opex_Facilities and occupancy,"Facilities and occupancy, share of non-personnel spend",0.21,% of non-personnel,SYNTHETIC,Analyst assumption - see 09_Management_Report.pdf for rationale,Used to split the non-personnel expense plug into reportable operating categories.
8b. Cost behaviour (modelled),opex_Travel and convening,"Travel and convening, share of non-personnel spend",0.095,% of non-personnel,SYNTHETIC,Analyst assumption - see 09_Management_Report.pdf for rationale,Used to split the non-personnel expense plug into reportable operating categories.
8b. Cost behaviour (modelled),opex_Professional services,"Professional services, share of non-personnel spend",0.15,% of non-personnel,SYNTHETIC,Analyst assumption - see 09_Management_Report.pdf for rationale,Used to split the non-personnel expense plug into reportable operating categories.
8b. Cost behaviour (modelled),opex_Other operating,"Other operating, share of non-personnel spend",0.125,% of non-personnel,SYNTHETIC,Analyst assumption - see 09_Management_Report.pdf for rationale,Used to split the non-personnel expense plug into reportable operating categories.
9. Balance sheet composition (modelled),bs_Cash and cash equivalents,FY2024 Cash and cash equivalents,16850000,USD,SYNTHETIC,Analyst assumption - see 09_Management_Report.pdf for rationale,"Sums to the real FY2024 total assets of $42,583,791. The split matters because cash runway is computed two ways - on cash alone and on cash plus short-term investments - and the gap between those two numbers is a live governance question for this organization."
9. Balance sheet composition (modelled),bs_Short-term investments,FY2024 Short-term investments,19400000,USD,SYNTHETIC,Analyst assumption - see 09_Management_Report.pdf for rationale,"Sums to the real FY2024 total assets of $42,583,791. The split matters because cash runway is computed two ways - on cash alone and on cash plus short-term investments - and the gap between those two numbers is a live governance question for this organization."
9. Balance sheet composition (modelled),bs_Grants and pledges receivable,FY2024 Grants and pledges receivable,5100000,USD,SYNTHETIC,Analyst assumption - see 09_Management_Report.pdf for rationale,"Sums to the real FY2024 total assets of $42,583,791. The split matters because cash runway is computed two ways - on cash alone and on cash plus short-term investments - and the gap between those two numbers is a live governance question for this organization."
9. Balance sheet composition (modelled),"bs_Property, equipment and other assets","FY2024 Property, equipment and other assets",1233791,USD,SYNTHETIC,Analyst assumption - see 09_Management_Report.pdf for rationale,"Sums to the real FY2024 total assets of $42,583,791. The split matters because cash runway is computed two ways - on cash alone and on cash plus short-term investments - and the gap between those two numbers is a live governance question for this organization."
10. Scenario drivers (modelled),drv_growth_individual_Downside,Individual donation growth - Downside,-0.12,% per year,SYNTHETIC,Analyst assumption - see 09_Management_Report.pdf for rationale,"Emergency appropriations lapse without replacement and a major foundation cycles out. Government funding falls 30% a year and foundation grants 22%. Cost per participant inflation runs at 7% because the fixed cost base does not shrink as fast as volume. This is the case the reserve exists for, and the case the minimum-funding analysis is built around."
10. Scenario drivers (modelled),drv_growth_individual_Base,Individual donation growth - Base,0.04,% per year,SYNTHETIC,Analyst assumption - see 09_Management_Report.pdf for rationale,"Humanitarian-response funding normalizes gradually. Foundation grants decline 6% a year and government funding 10% a year as emergency appropriations lapse, partly offset by growth in individual, corporate and earned revenue. Participants grow 6% a year and cost per participant rises 3.5%. Management holds headcount roughly flat in real terms."
10. Scenario drivers (modelled),drv_growth_individual_Upside,Individual donation growth - Upside,0.12,% per year,SYNTHETIC,Analyst assumption - see 09_Management_Report.pdf for rationale,The organization converts surge-period relationships into durable multi-year commitments. Foundation funding resumes growth at 8% and government funding stabilizes. Corporate partnerships scale with the employer network. Participants grow 16% a year while cost per participant inflation stays at 2% through digital channel mix shift.
10. Scenario drivers (modelled),drv_growth_corporate_Downside,Corporate donation growth - Downside,-0.15,% per year,SYNTHETIC,Analyst assumption - see 09_Management_Report.pdf for rationale,"Emergency appropriations lapse without replacement and a major foundation cycles out. Government funding falls 30% a year and foundation grants 22%. Cost per participant inflation runs at 7% because the fixed cost base does not shrink as fast as volume. This is the case the reserve exists for, and the case the minimum-funding analysis is built around."
10. Scenario drivers (modelled),drv_growth_corporate_Base,Corporate donation growth - Base,0.03,% per year,SYNTHETIC,Analyst assumption - see 09_Management_Report.pdf for rationale,"Humanitarian-response funding normalizes gradually. Foundation grants decline 6% a year and government funding 10% a year as emergency appropriations lapse, partly offset by growth in individual, corporate and earned revenue. Participants grow 6% a year and cost per participant rises 3.5%. Management holds headcount roughly flat in real terms."
10. Scenario drivers (modelled),drv_growth_corporate_Upside,Corporate donation growth - Upside,0.14,% per year,SYNTHETIC,Analyst assumption - see 09_Management_Report.pdf for rationale,The organization converts surge-period relationships into durable multi-year commitments. Foundation funding resumes growth at 8% and government funding stabilizes. Corporate partnerships scale with the employer network. Participants grow 16% a year while cost per participant inflation stays at 2% through digital channel mix shift.
10. Scenario drivers (modelled),drv_growth_foundation_Downside,Foundation grant growth - Downside,-0.22,% per year,SYNTHETIC,Analyst assumption - see 09_Management_Report.pdf for rationale,"Emergency appropriations lapse without replacement and a major foundation cycles out. Government funding falls 30% a year and foundation grants 22%. Cost per participant inflation runs at 7% because the fixed cost base does not shrink as fast as volume. This is the case the reserve exists for, and the case the minimum-funding analysis is built around."
10. Scenario drivers (modelled),drv_growth_foundation_Base,Foundation grant growth - Base,-0.06,% per year,SYNTHETIC,Analyst assumption - see 09_Management_Report.pdf for rationale,"Humanitarian-response funding normalizes gradually. Foundation grants decline 6% a year and government funding 10% a year as emergency appropriations lapse, partly offset by growth in individual, corporate and earned revenue. Participants grow 6% a year and cost per participant rises 3.5%. Management holds headcount roughly flat in real terms."
10. Scenario drivers (modelled),drv_growth_foundation_Upside,Foundation grant growth - Upside,0.08,% per year,SYNTHETIC,Analyst assumption - see 09_Management_Report.pdf for rationale,The organization converts surge-period relationships into durable multi-year commitments. Foundation funding resumes growth at 8% and government funding stabilizes. Corporate partnerships scale with the employer network. Participants grow 16% a year while cost per participant inflation stays at 2% through digital channel mix shift.
10. Scenario drivers (modelled),drv_growth_government_Downside,Government funding growth - Downside,-0.3,% per year,SYNTHETIC,Analyst assumption - see 09_Management_Report.pdf for rationale,"Emergency appropriations lapse without replacement and a major foundation cycles out. Government funding falls 30% a year and foundation grants 22%. Cost per participant inflation runs at 7% because the fixed cost base does not shrink as fast as volume. This is the case the reserve exists for, and the case the minimum-funding analysis is built around."
10. Scenario drivers (modelled),drv_growth_government_Base,Government funding growth - Base,-0.1,% per year,SYNTHETIC,Analyst assumption - see 09_Management_Report.pdf for rationale,"Humanitarian-response funding normalizes gradually. Foundation grants decline 6% a year and government funding 10% a year as emergency appropriations lapse, partly offset by growth in individual, corporate and earned revenue. Participants grow 6% a year and cost per participant rises 3.5%. Management holds headcount roughly flat in real terms."
10. Scenario drivers (modelled),drv_growth_government_Upside,Government funding growth - Upside,0.05,% per year,SYNTHETIC,Analyst assumption - see 09_Management_Report.pdf for rationale,The organization converts surge-period relationships into durable multi-year commitments. Foundation funding resumes growth at 8% and government funding stabilizes. Corporate partnerships scale with the employer network. Participants grow 16% a year while cost per participant inflation stays at 2% through digital channel mix shift.
10. Scenario drivers (modelled),drv_growth_events_Downside,Fundraising event growth - Downside,-0.1,% per year,SYNTHETIC,Analyst assumption - see 09_Management_Report.pdf for rationale,"Emergency appropriations lapse without replacement and a major foundation cycles out. Government funding falls 30% a year and foundation grants 22%. Cost per participant inflation runs at 7% because the fixed cost base does not shrink as fast as volume. This is the case the reserve exists for, and the case the minimum-funding analysis is built around."
10. Scenario drivers (modelled),drv_growth_events_Base,Fundraising event growth - Base,0.02,% per year,SYNTHETIC,Analyst assumption - see 09_Management_Report.pdf for rationale,"Humanitarian-response funding normalizes gradually. Foundation grants decline 6% a year and government funding 10% a year as emergency appropriations lapse, partly offset by growth in individual, corporate and earned revenue. Participants grow 6% a year and cost per participant rises 3.5%. Management holds headcount roughly flat in real terms."
10. Scenario drivers (modelled),drv_growth_events_Upside,Fundraising event growth - Upside,0.09,% per year,SYNTHETIC,Analyst assumption - see 09_Management_Report.pdf for rationale,The organization converts surge-period relationships into durable multi-year commitments. Foundation funding resumes growth at 8% and government funding stabilizes. Corporate partnerships scale with the employer network. Participants grow 16% a year while cost per participant inflation stays at 2% through digital channel mix shift.
10. Scenario drivers (modelled),drv_growth_program_revenue_Downside,Program service revenue growth - Downside,-0.05,% per year,SYNTHETIC,Analyst assumption - see 09_Management_Report.pdf for rationale,"Emergency appropriations lapse without replacement and a major foundation cycles out. Government funding falls 30% a year and foundation grants 22%. Cost per participant inflation runs at 7% because the fixed cost base does not shrink as fast as volume. This is the case the reserve exists for, and the case the minimum-funding analysis is built around."
10. Scenario drivers (modelled),drv_growth_program_revenue_Base,Program service revenue growth - Base,0.08,% per year,SYNTHETIC,Analyst assumption - see 09_Management_Report.pdf for rationale,"Humanitarian-response funding normalizes gradually. Foundation grants decline 6% a year and government funding 10% a year as emergency appropriations lapse, partly offset by growth in individual, corporate and earned revenue. Participants grow 6% a year and cost per participant rises 3.5%. Management holds headcount roughly flat in real terms."
10. Scenario drivers (modelled),drv_growth_program_revenue_Upside,Program service revenue growth - Upside,0.18,% per year,SYNTHETIC,Analyst assumption - see 09_Management_Report.pdf for rationale,The organization converts surge-period relationships into durable multi-year commitments. Foundation funding resumes growth at 8% and government funding stabilizes. Corporate partnerships scale with the employer network. Participants grow 16% a year while cost per participant inflation stays at 2% through digital channel mix shift.
10. Scenario drivers (modelled),drv_inflation_cpp_Downside,Cost per participant inflation - Downside,0.07,% per year,SYNTHETIC,Analyst assumption - see 09_Management_Report.pdf for rationale,"Emergency appropriations lapse without replacement and a major foundation cycles out. Government funding falls 30% a year and foundation grants 22%. Cost per participant inflation runs at 7% because the fixed cost base does not shrink as fast as volume. This is the case the reserve exists for, and the case the minimum-funding analysis is built around."
10. Scenario drivers (modelled),drv_inflation_cpp_Base,Cost per participant inflation - Base,0.035,% per year,SYNTHETIC,Analyst assumption - see 09_Management_Report.pdf for rationale,"Humanitarian-response funding normalizes gradually. Foundation grants decline 6% a year and government funding 10% a year as emergency appropriations lapse, partly offset by growth in individual, corporate and earned revenue. Participants grow 6% a year and cost per participant rises 3.5%. Management holds headcount roughly flat in real terms."
10. Scenario drivers (modelled),drv_inflation_cpp_Upside,Cost per participant inflation - Upside,0.02,% per year,SYNTHETIC,Analyst assumption - see 09_Management_Report.pdf for rationale,The organization converts surge-period relationships into durable multi-year commitments. Foundation funding resumes growth at 8% and government funding stabilizes. Corporate partnerships scale with the employer network. Participants grow 16% a year while cost per participant inflation stays at 2% through digital channel mix shift.
10. Scenario drivers (modelled),drv_inflation_personnel_Downside,Personnel cost inflation - Downside,0.05,% per year,SYNTHETIC,Analyst assumption - see 09_Management_Report.pdf for rationale,"Emergency appropriations lapse without replacement and a major foundation cycles out. Government funding falls 30% a year and foundation grants 22%. Cost per participant inflation runs at 7% because the fixed cost base does not shrink as fast as volume. This is the case the reserve exists for, and the case the minimum-funding analysis is built around."
10. Scenario drivers (modelled),drv_inflation_personnel_Base,Personnel cost inflation - Base,0.04,% per year,SYNTHETIC,Analyst assumption - see 09_Management_Report.pdf for rationale,"Humanitarian-response funding normalizes gradually. Foundation grants decline 6% a year and government funding 10% a year as emergency appropriations lapse, partly offset by growth in individual, corporate and earned revenue. Participants grow 6% a year and cost per participant rises 3.5%. Management holds headcount roughly flat in real terms."
10. Scenario drivers (modelled),drv_inflation_personnel_Upside,Personnel cost inflation - Upside,0.035,% per year,SYNTHETIC,Analyst assumption - see 09_Management_Report.pdf for rationale,The organization converts surge-period relationships into durable multi-year commitments. Foundation funding resumes growth at 8% and government funding stabilizes. Corporate partnerships scale with the employer network. Participants grow 16% a year while cost per participant inflation stays at 2% through digital channel mix shift.
10. Scenario drivers (modelled),drv_growth_participants_Downside,Participant growth - Downside,-0.08,% per year,SYNTHETIC,Analyst assumption - see 09_Management_Report.pdf for rationale,"Emergency appropriations lapse without replacement and a major foundation cycles out. Government funding falls 30% a year and foundation grants 22%. Cost per participant inflation runs at 7% because the fixed cost base does not shrink as fast as volume. This is the case the reserve exists for, and the case the minimum-funding analysis is built around."
10. Scenario drivers (modelled),drv_growth_participants_Base,Participant growth - Base,0.06,% per year,SYNTHETIC,Analyst assumption - see 09_Management_Report.pdf for rationale,"Humanitarian-response funding normalizes gradually. Foundation grants decline 6% a year and government funding 10% a year as emergency appropriations lapse, partly offset by growth in individual, corporate and earned revenue. Participants grow 6% a year and cost per participant rises 3.5%. Management holds headcount roughly flat in real terms."
10. Scenario drivers (modelled),drv_growth_participants_Upside,Participant growth - Upside,0.16,% per year,SYNTHETIC,Analyst assumption - see 09_Management_Report.pdf for rationale,The organization converts surge-period relationships into durable multi-year commitments. Foundation funding resumes growth at 8% and government funding stabilizes. Corporate partnerships scale with the employer network. Participants grow 16% a year while cost per participant inflation stays at 2% through digital channel mix shift.
10. Scenario drivers (modelled),drv_investment_return_Downside,Return on investment balance - Downside,0.018,% per year,SYNTHETIC,Analyst assumption - see 09_Management_Report.pdf for rationale,"Emergency appropriations lapse without replacement and a major foundation cycles out. Government funding falls 30% a year and foundation grants 22%. Cost per participant inflation runs at 7% because the fixed cost base does not shrink as fast as volume. This is the case the reserve exists for, and the case the minimum-funding analysis is built around."
10. Scenario drivers (modelled),drv_investment_return_Base,Return on investment balance - Base,0.038,% per year,SYNTHETIC,Analyst assumption - see 09_Management_Report.pdf for rationale,"Humanitarian-response funding normalizes gradually. Foundation grants decline 6% a year and government funding 10% a year as emergency appropriations lapse, partly offset by growth in individual, corporate and earned revenue. Participants grow 6% a year and cost per participant rises 3.5%. Management holds headcount roughly flat in real terms."
10. Scenario drivers (modelled),drv_investment_return_Upside,Return on investment balance - Upside,0.055,% per year,SYNTHETIC,Analyst assumption - see 09_Management_Report.pdf for rationale,The organization converts surge-period relationships into durable multi-year commitments. Foundation funding resumes growth at 8% and government funding stabilizes. Corporate partnerships scale with the employer network. Participants grow 16% a year while cost per participant inflation stays at 2% through digital channel mix shift.
11. Budget reconstruction (modelled),budget_rev_growth,FY2024 budgeted revenue growth,0.12,%,SYNTHETIC,Analyst assumption - see 09_Management_Report.pdf for rationale,"No public FY2024 budget exists. This is a reconstruction of what the board would plausibly have approved in late FY2023: revenue planned to grow 12% off the FY2023 actual, reflecting caution about whether the surge would hold, with expenses planned to grow 26% as the organization deployed reserves into program capacity. Actuals then came in ahead of plan on revenue and behind on spending - which is precisely the variance pattern worth explaining. Clearly labelled as a simulation throughout."
11. Budget reconstruction (modelled),budget_exp_growth,FY2024 budgeted expense growth,0.26,%,SYNTHETIC,Analyst assumption - see 09_Management_Report.pdf for rationale,"No public FY2024 budget exists. This is a reconstruction of what the board would plausibly have approved in late FY2023: revenue planned to grow 12% off the FY2023 actual, reflecting caution about whether the surge would hold, with expenses planned to grow 26% as the organization deployed reserves into program capacity. Actuals then came in ahead of plan on revenue and behind on spending - which is precisely the variance pattern worth explaining. Clearly labelled as a simulation throughout."
11. Budget reconstruction (modelled),budget_part_growth,FY2024 budgeted participant growth,0.18,%,SYNTHETIC,Analyst assumption - see 09_Management_Report.pdf for rationale,"No public FY2024 budget exists. This is a reconstruction of what the board would plausibly have approved in late FY2023: revenue planned to grow 12% off the FY2023 actual, reflecting caution about whether the surge would hold, with expenses planned to grow 26% as the organization deployed reserves into program capacity. Actuals then came in ahead of plan on revenue and behind on spending - which is precisely the variance pattern worth explaining. Clearly labelled as a simulation throughout."
12. Resource allocation (modelled),alloc_budget,Incremental funding to allocate,1000000,USD,SYNTHETIC,Analyst assumption - see 09_Management_Report.pdf for rationale,"An incremental $1,000,000 of unrestricted funding, on top of the existing program budget, to be allocated across the four programs to maximize expected additional successful outcomes. Framed as incremental rather than total because that is the decision management actually faces: the existing program base is largely committed."
12. Resource allocation (modelled),alloc_min_share_per_program,Constraint: min share per program,0.05,varies,SYNTHETIC,Analyst assumption - see 09_Management_Report.pdf for rationale,Binds the optimization in 07_Resource_Allocation_Model.
12. Resource allocation (modelled),alloc_max_share_per_program,Constraint: max share per program,0.55,varies,SYNTHETIC,Analyst assumption - see 09_Management_Report.pdf for rationale,Binds the optimization in 07_Resource_Allocation_Model.
12. Resource allocation (modelled),alloc_admin_load,Constraint: admin load,0.12,varies,SYNTHETIC,Analyst assumption - see 09_Management_Report.pdf for rationale,Binds the optimization in 07_Resource_Allocation_Model.
12. Resource allocation (modelled),alloc_reserve_floor_months,Constraint: reserve floor months,6.0,varies,SYNTHETIC,Analyst assumption - see 09_Management_Report.pdf for rationale,Binds the optimization in 07_Resource_Allocation_Model.
12. Resource allocation (modelled),alloc_staff_hours_available,Constraint: staff hours available,42000,varies,SYNTHETIC,Analyst assumption - see 09_Management_Report.pdf for rationale,Binds the optimization in 07_Resource_Allocation_Model.
12. Resource allocation (modelled),alloc_min_avg_salary_gain,Constraint: min avg salary gain,48000,varies,SYNTHETIC,Analyst assumption - see 09_Management_Report.pdf for rationale,Binds the optimization in 07_Resource_Allocation_Model.
"13. Social return parameters (modelled, low confidence)",sroi_benefit_horizon_years,Benefit horizon years,3,varies,SYNTHETIC,Analyst assumption - see 09_Management_Report.pdf for rationale,"Social return figures are the least reliable numbers in this project and are reported last, with a sensitivity range rather than a point estimate. Every parameter below - attribution, deadweight, drop-off, persistence, horizon - is an assumption, and the headline ratio moves by more than a factor of two across plausible values for them. The cost-effectiveness measures in 06_Program_Economics (cost per participant, cost per successful outcome) are the numbers management should actually steer on, because they rest on far fewer assumptions."
"13. Social return parameters (modelled, low confidence)",sroi_discount_rate,Discount rate,0.03,varies,SYNTHETIC,Analyst assumption - see 09_Management_Report.pdf for rationale,"Social return figures are the least reliable numbers in this project and are reported last, with a sensitivity range rather than a point estimate. Every parameter below - attribution, deadweight, drop-off, persistence, horizon - is an assumption, and the headline ratio moves by more than a factor of two across plausible values for them. The cost-effectiveness measures in 06_Program_Economics (cost per participant, cost per successful outcome) are the numbers management should actually steer on, because they rest on far fewer assumptions."
"13. Social return parameters (modelled, low confidence)",sroi_attribution_rate,Attribution rate,0.55,varies,SYNTHETIC,Analyst assumption - see 09_Management_Report.pdf for rationale,"Social return figures are the least reliable numbers in this project and are reported last, with a sensitivity range rather than a point estimate. Every parameter below - attribution, deadweight, drop-off, persistence, horizon - is an assumption, and the headline ratio moves by more than a factor of two across plausible values for them. The cost-effectiveness measures in 06_Program_Economics (cost per participant, cost per successful outcome) are the numbers management should actually steer on, because they rest on far fewer assumptions."
"13. Social return parameters (modelled, low confidence)",sroi_deadweight_rate,Deadweight rate,0.25,varies,SYNTHETIC,Analyst assumption - see 09_Management_Report.pdf for rationale,"Social return figures are the least reliable numbers in this project and are reported last, with a sensitivity range rather than a point estimate. Every parameter below - attribution, deadweight, drop-off, persistence, horizon - is an assumption, and the headline ratio moves by more than a factor of two across plausible values for them. The cost-effectiveness measures in 06_Program_Economics (cost per participant, cost per successful outcome) are the numbers management should actually steer on, because they rest on far fewer assumptions."
"13. Social return parameters (modelled, low confidence)",sroi_dropoff_rate,Dropoff rate,0.2,varies,SYNTHETIC,Analyst assumption - see 09_Management_Report.pdf for rationale,"Social return figures are the least reliable numbers in this project and are reported last, with a sensitivity range rather than a point estimate. Every parameter below - attribution, deadweight, drop-off, persistence, horizon - is an assumption, and the headline ratio moves by more than a factor of two across plausible values for them. The cost-effectiveness measures in 06_Program_Economics (cost per participant, cost per successful outcome) are the numbers management should actually steer on, because they rest on far fewer assumptions."
"13. Social return parameters (modelled, low confidence)",sroi_persistence_rate,Persistence rate,0.78,varies,SYNTHETIC,Analyst assumption - see 09_Management_Report.pdf for rationale,"Social return figures are the least reliable numbers in this project and are reported last, with a sensitivity range rather than a point estimate. Every parameter below - attribution, deadweight, drop-off, persistence, horizon - is an assumption, and the headline ratio moves by more than a factor of two across plausible values for them. The cost-effectiveness measures in 06_Program_Economics (cost per participant, cost per successful outcome) are the numbers management should actually steer on, because they rest on far fewer assumptions."
