Year,ScenarioKey,AccountKey,Amount
2019,0,1,6528091
2019,0,2,353671
2019,0,3,3602
2019,0,4,-135303
2019,0,5,6750061
2019,0,6,4214691.34
2019,0,7,774352.74
2019,0,8,542046.92
2019,0,9,5531091
2019,0,10,1218970
2019,0,11,4236227.5
2019,0,12,1294863.5
2019,0,13,4915534
2019,0,14,461151
2019,0,15,4454383
2019,0,16,2064524.28
2019,0,17,3539184.48
2020,0,1,6738370
2020,0,2,304509
2020,0,3,21624
2020,0,4,-48199
2020,0,5,7016304
2020,0,6,4354947.07
2020,0,7,776859.05
2020,0,8,538697.88
2020,0,9,5670504
2020,0,10,1345800
2020,0,11,4421578.7
2020,0,12,1248925.3
2020,0,13,7157462
2020,0,14,1357279
2020,0,15,5800183
2020,0,16,3292432.52
2020,0,17,5439671.12
2021,0,1,11624463
2021,0,2,383141
2021,0,3,237
2021,0,4,-34318
2021,0,5,11973523
2021,0,6,5335716.06
2021,0,7,923754.46
2021,0,8,634219.48
2021,0,9,6893690
2021,0,10,5079833
2021,0,11,5061524.9
2021,0,12,1832165.1
2021,0,13,12593796
2021,0,14,1713780
2021,0,15,10880016
2021,0,16,5541270.24
2021,0,17,10326912.72
2022,0,1,18348946
2022,0,2,1064285
2022,0,3,14416
2022,0,4,-121695
2022,0,5,19305952
2022,0,6,7266786.54
2022,0,7,1201814.7
2022,0,8,847791.76
2022,0,9,9316393
2022,0,10,9989559
2022,0,11,7014256.3
2022,0,12,2302136.7
2022,0,13,23406064
2022,0,14,2536489
2022,0,15,20869575
2022,0,16,9362425.6
2022,0,17,20129215.04
2023,0,1,20709887
2023,0,2,1066130
2023,0,3,672813
2023,0,4,-57789
2023,0,5,22391041
2023,0,6,10695293.76
2023,0,7,1693763.0
2023,0,8,1270322.25
2023,0,9,13659379
2023,0,10,8731662
2023,0,11,9138322.4
2023,0,12,4521056.6
2023,0,13,31782416
2023,0,14,2181179
2023,0,15,29601237
2023,0,16,12395142.24
2023,0,17,26697229.44
2024,0,1,26008174
2024,0,2,1143216
2024,0,3,1429021
2024,0,4,0
2024,0,5,28580411
2024,0,6,14346382.11
2024,0,7,2193077.52
2024,0,8,1736186.37
2024,0,9,18275646
2024,0,10,10304765
2024,0,11,12086685.4
2024,0,12,6188960.6
2024,0,13,42583791
2024,0,14,2676737
2024,0,15,39907054
2024,0,16,16850000.0
2024,0,17,36250000.0
2025,1,1,20710308.96
2025,1,2,1086055.2
2025,1,3,652500.0
2025,1,4,0.0
2025,1,5,22448864.16
2025,1,6,14122578.55
2025,1,7,2290158.48
2025,1,8,1637323.58
2025,1,9,18050060.61
2025,1,10,4398803.55
2025,1,11,11677720.23
2025,1,12,6372340.38
2025,1,15,44305857.55
2025,1,17,40648803.55
2025,1,16,18894685.23
2026,1,1,16589287.78
2026,1,2,1031752.44
2026,1,3,731678.46
2026,1,4,0.0
2026,1,5,18352718.68
2026,1,6,13902266.32
2026,1,7,2391536.93
2026,1,8,1548144.09
2026,1,9,17841947.34
2026,1,10,510771.34
2026,1,11,11280677.74
2026,1,12,6561269.59
2026,1,15,44816628.89
2026,1,17,41159574.89
2026,1,16,19132105.85
2027,1,1,13364970.44
2027,1,2,980164.82
2027,1,3,740872.35
2027,1,4,0.0
2027,1,5,15086007.61
2027,1,6,13685390.97
2027,1,7,2497403.09
2027,1,8,1467579.07
2027,1,9,17650373.13
2027,1,10,-2564365.53
2027,1,11,10897134.7
2027,1,12,6753238.43
2027,1,15,42252263.37
2027,1,17,38595209.37
2027,1,16,17940118.01
2028,1,1,10827567.01
2028,1,2,931156.58
2028,1,3,694713.77
2028,1,4,0.0
2028,1,5,12453437.35
2028,1,6,13471898.87
2028,1,7,2607955.64
2028,1,8,1394678.91
2028,1,9,17474533.41
2028,1,10,-5021096.06
2028,1,11,10526632.12
2028,1,12,6947901.29
2028,1,15,37231167.3
2028,1,17,33574113.3
2028,1,16,15606174.05
2029,1,1,8819229.22
2029,1,2,884598.75
2029,1,3,604334.04
2029,1,4,0.0
2029,1,5,10308162.01
2029,1,6,13261737.25
2029,1,7,2723402.01
2029,1,8,1328600.45
2029,1,9,17313739.71
2029,1,10,-7005577.7
2029,1,11,10168726.63
2029,1,12,7145013.08
2029,1,15,30225589.6
2029,1,17,26568535.6
2029,1,16,12349788.27
2025,2,1,25136900.17
2025,2,2,1234673.28
2025,2,3,1377500.0
2025,2,4,0.0
2025,2,5,27749073.45
2025,2,6,15739415.81
2025,2,7,2358313.63
2025,2,8,1775389.46
2025,2,9,19873118.9
2025,2,10,7875954.55
2025,2,11,13326624.0
2025,2,12,6546494.9
2025,2,15,47783008.55
2025,2,17,44125954.55
2025,2,16,20510960.94
2026,2,1,24366564.07
2026,2,2,1333447.14
2026,2,3,1676786.27
2026,2,4,0.0
2026,2,5,27376797.48
2026,2,6,17267713.09
2026,2,7,2535999.36
2026,2,8,1818112.92
2026,2,9,21621825.36
2026,2,10,5754972.12
2026,2,11,14691270.3
2026,2,12,6930555.06
2026,2,15,53537980.67
2026,2,17,49880926.67
2026,2,16,23186030.74
2027,2,1,23690107.84
2027,2,2,1440122.91
2027,2,3,1895475.21
2027,2,4,0.0
2027,2,5,27025705.97
2027,2,6,18944408.03
2027,2,7,2727072.71
2027,2,8,1864591.04
2027,2,9,23536071.77
2027,2,10,3489634.2
2027,2,11,16195656.38
2027,2,12,7340415.4
2027,2,15,57027614.87
2027,2,17,53370560.87
2027,2,16,24808108.98
2028,2,1,23101128.72
2028,2,2,1555332.75
2028,2,3,2028081.31
2028,2,4,0.0
2028,2,5,26684542.78
2028,2,6,20783910.05
2028,2,7,2932542.36
2028,2,8,1915068.98
2028,2,9,25631521.39
2028,2,10,1053021.39
2028,2,11,17854091.59
2028,2,12,7777429.8
2028,2,15,58080636.25
2028,2,17,54423582.25
2028,2,16,25297582.37
2029,2,1,22593821.07
2029,2,2,1679759.37
2029,2,3,2068096.13
2029,2,4,0.0
2029,2,5,26341676.56
2029,2,6,22802027.71
2029,2,7,3153493.01
2029,2,8,1969802.89
2029,2,9,27925323.61
2029,2,10,-1583647.05
2029,2,11,19682350.57
2029,2,12,8242973.04
2029,2,15,56496989.21
2029,2,17,52839935.21
2029,2,16,24561459.54
2025,3,1,28403526.83
2025,3,2,1348994.88
2025,3,3,1993750.0
2025,3,4,0.0
2025,3,5,31746271.71
2025,3,6,16974639.31
2025,3,7,2415377.07
2025,3,8,1879702.57
2025,3,9,21269718.95
2025,3,10,10476552.75
2025,3,11,14513738.0
2025,3,12,6755980.95
2025,3,15,50383606.75
2025,3,17,46726552.75
2025,3,16,21719790.73
2026,3,1,31044890.97
2026,3,2,1591813.96
2026,3,3,2569960.4
2026,3,4,0.0
2026,3,5,35206665.33
2026,3,6,20084393.23
2026,3,7,2660209.83
2026,3,8,2035951.94
2026,3,9,24780555.01
2026,3,10,10426110.32
2026,3,11,17425193.85
2026,3,12,7355361.16
2026,3,15,60809717.07
2026,3,17,57152663.07
2026,3,16,26566134.42
2027,3,1,33959881.65
2027,3,2,1878340.47
2027,3,3,3143396.47
2027,3,4,0.0
2027,3,5,38981618.59
2027,3,6,23763854.08
2027,3,7,2929859.87
2027,3,8,2206139.55
2027,3,9,28899853.5
2027,3,10,10081765.09
2027,3,11,20920687.73
2027,3,12,7979165.77
2027,3,15,70891482.16
2027,3,17,67234428.16
2027,3,16,31252416.95
2028,3,1,37179427.29
2028,3,2,2216441.76
2028,3,3,3697893.55
2028,3,4,0.0
2028,3,5,43093762.6
2028,3,6,26284433.32
2028,3,7,3144979.13
2028,3,8,2391590.44
2028,3,9,31821002.89
2028,3,10,11272759.71
2028,3,11,23346102.13
2028,3,12,8474900.76
2028,3,15,82164241.87
2028,3,17,78507187.87
2028,3,16,36492306.64
2029,3,1,40738186.14
2029,3,2,2615401.27
2029,3,3,4317895.33
2029,3,4,0.0
2029,3,5,47671482.74
2029,3,6,27758514.22
2029,3,7,3318945.75
2029,3,8,2593761.91
2029,3,9,33671221.89
2029,3,10,14000260.85
2029,3,11,24823684.97
2029,3,12,8847536.91
2029,3,15,96164502.73
2029,3,17,92507448.73
2029,3,16,43000014.1
